week,facebook_spend,google_spend,tiktok_spend,instagram_spend,snapchat_spend,social_followers,average_price,promotions,emails_send,sms_send,revenue,facebook_spend_adstocked,facebook_spend_transformed,google_spend_adstocked,google_spend_transformed,tiktok_spend_adstocked,tiktok_spend_transformed,instagram_spend_adstocked,instagram_spend_transformed,snapchat_spend_adstocked,snapchat_spend_transformed,trend,week_of_year,sin_yearly,cos_yearly,sin_biannual,google_spend_predicted,google_spend_residual
2023-09-17,6030.8,3130.14,2993.22,1841.08,2204.72,0.0,101.95,0,102684,20098,83124.16,6030.8,0.3028106564394628,3130.14,0.24750941985202254,2993.22,0.2905841744351167,1841.08,0.2063506472744489,2204.72,0.3053803689569796,0,37,-0.970941817426052,-0.23931566428755774,0.4647231720437685,1725.215986970586,1404.9240130294138
2023-09-24,5241.44,2704.0,2993.22,1841.08,2204.72,0.0,103.86,0,96573,29920,373.02,8859.92,0.38952929052763485,4582.084,0.32500523339880494,4789.152,0.39590793144877284,2945.728,0.2937871362085888,3527.5519999999997,0.41294534858516385,1,38,-0.992708874098054,-0.12053668025532357,0.23931566428755877,2785.373060264834,-81.37306026483384
2023-10-01,5893.0,2704.0,2993.22,1841.08,2204.72,0.0,100.38,0,96797,22304,513.01,11208.952,0.4466745129481721,5453.250399999999,0.36428687275327964,5866.7112,0.44531855751307714,3608.5168,0.3375748344827939,4321.2512,0.4628531175714862,2,39,-1.0,-1.8369701987210297e-16,3.6739403974420594e-16,3381.1180269162123,-677.1180269162123
2023-10-08,7167.16,2704.0,2993.22,1841.08,2204.72,0.0,103.14,1,99098,14171,452.78,13892.5312,0.5001305962715812,5975.950239999999,0.3857353264897628,6513.246719999999,0.4712666352326497,4006.19008,0.361334546280309,4797.470719999999,0.4889223224767764,3,40,-0.992708874098054,0.1205366802553232,-0.23931566428755807,3834.5932947370866,-1130.5932947370866
2023-10-15,5360.29,2704.0,2993.22,3237.15,2204.72,0.0,107.76,1,120754,30207,41441.95,13695.808719999999,0.49656527060247535,6289.570143999999,0.3979234754480244,6901.168032,0.4857019960246116,5640.864048,0.44339866736292594,5083.202431999999,0.5033836120788051,4,41,-0.9709418174260521,0.23931566428755738,-0.46472317204376784,3923.4808651045896,-1219.4808651045896
2023-10-22,4195.29,3385.89,2993.22,3438.69,2204.72,0.0,102.55,0,116640,25808,141742.69,12412.775231999996,0.4720036171562119,7159.6320864,0.4293364390218009,7133.9208192,0.4939909637601685,6823.208428800001,0.49072921259743363,5254.641459199999,0.5116741193240176,5,42,-0.9350162426854148,0.35460488704253557,-0.6631226582407951,3839.496089734398,-453.6060897343982
2023-10-29,4788.44,4012.79,2993.22,3103.79,838.75,0.0,107.29,0,109633,15211,42968.41,12236.105139199999,0.46843255136856077,8308.56925184,0.4661194614645936,7273.57249152,0.49883732275419007,7197.71505728,0.5040865132730853,3991.53487552,0.4431886491902667,6,43,-0.8854560256532101,0.464723172043768,-0.8229838658936557,3601.59087852123,411.19912147876994
2023-11-05,6862.08,4012.79,2993.22,2852.1,2230.06,0.0,110.24,0,135573,13775,1.0,14203.743083520003,0.5056688921818129,8997.931551104,0.4859979505229933,7357.363494912,0.5017008328626046,7170.729034368,0.5031474890358272,4624.980925312,0.47977739730842583,7,44,-0.822983865893657,0.5680647467311548,-0.9350162426854141,3950.8304761657705,61.95952383422946
2023-11-12,5792.88,4012.79,2993.22,3003.76,1598.5,0.0,108.45,0,114713,22805,23117.23,14315.125850112001,0.5076213454482109,9411.548930662399,0.4972300222472051,7407.638096947199,0.503403285709641,7306.197420620801,0.5078257969437966,4373.488555187199,0.46584183414785874,8,45,-0.7485107481711011,0.6631226582407952,-0.992708874098054,3920.4398211059333,92.35017889406663
2023-11-19,5881.88,4012.79,2735.2,3705.38,2952.89,0.0,108.59,0,146399,21043,26904.34,14410.1789410304,0.5092753960147443,9628.17475904,0.5029189922674245,7149.618096947199,0.49454038004676154,8070.544607820799,0.532654394584977,5554.7646351872,0.525540063353209,9,46,-0.6631226582407955,0.7485107481711007,-0.9927088740980541,4132.60468623345,-119.81468623344972
2023-11-26,5751.98,4012.79,2735.2,3087.06,2952.89,0.0,105.41,0,159759,22372,77248.04,14345.265725696,0.5081470254586989,9762.44476544,0.5063809755879694,6994.806096947199,0.489069141267824,7910.8329201408,0.5276756516269834,6263.5302831872,0.5553564379538324,10,47,-0.5680647467311559,0.8229838658936564,-0.9350162426854149,4216.293587276901,-203.50358727690127
2023-12-03,5274.61,6083.16,2735.2,3659.59,2952.89,0.0,105.46,0,106995,27347,95381.58,13822.381572889599,0.4988650380994149,11913.37676928,0.555926079303343,6901.9188969472,0.4857291729927814,8387.5359075328,0.5422315356756038,6688.7896719872,0.5715128292621163,11,48,-0.4647231720437684,0.88545602565321,-0.8229838658936562,4218.311249973431,1864.8487500265692
2023-12-10,6221.97,6083.16,2735.2,3659.59,2952.89,0.0,101.97,0,167287,25568,470.87,14443.1704840704,0.5098468979497854,13203.935971584002,0.5811503303522942,6846.186576947199,0.48370414937305833,8673.557699968,0.5505422504333524,6943.945305267199,0.5806551183837759,12,49,-0.35460488704253595,0.9350162426854147,-0.6631226582407957,4316.730724348283,1766.429275651717
2023-12-17,6999.31,6083.16,2735.2,3659.59,2952.89,0.0,99.9,0,114569,15866,657.03,15611.192917350398,0.529256333823949,13978.271492966398,0.5949547393020537,6812.747184947199,0.48248146217280236,8831.101606374403,0.554992276352056,7097.0386852351985,0.5859555995325012,13,50,-0.2393156642875578,0.970941817426052,-0.4647231720437686,4451.792239465924,1631.3677605340763
2023-12-24,4029.74,3939.57,2735.2,3659.59,1820.02,0.0,94.2,0,117837,26265,1308.13,13354.176893158403,0.4902512918320658,12292.4109256704,0.5636440202405761,6792.683549747198,0.48174506616268187,8923.5968913664,0.5575641048648405,6056.024713215999,0.5470223288291359,14,51,-0.12053668025532363,0.992708874098054,-0.2393156642875589,4087.6234717726284,-148.0534717726282
2023-12-31,5920.22,3939.57,2735.2,3877.99,1383.42,0.0,93.51,0,139477,28302,398453.53,13884.469693260799,0.4999854850907287,11274.576877670399,0.5422819753433804,6780.645368627198,0.48130222176608856,9200.869082752,0.5650985629427281,5008.582160409598,0.4996865163120384,15,52,6.432490598706546e-16,1.0,1.2864981197413093e-15,3990.72728208119,-51.157282081189805
2024-01-07,5178.41,3939.57,2735.2,2484.28,1814.93,0.0,92.3,0,79663,35353,289744.61,13439.937859788799,0.4918511527672841,10663.8764488704,0.5284304074367707,6773.422459955198,0.4810361516713206,7976.0588528896005,0.5297217196253157,4797.605429503999,0.48892933875368283,16,1,0.12053668025532305,0.992708874098054,0.23931566428755774,3886.7113856141023,52.85861438589791
2024-01-14,4420.0,3939.57,2735.2,2484.28,1814.93,0.0,98.09,0,88992,23554,612.33,12425.583832268798,0.4722606553029866,10297.456191590401,0.5197096126813173,6769.088714751998,0.4808763785506888,7239.6443315968,0.5055384920327091,4677.384060646399,0.48259008721793295,17,2,0.23931566428755774,0.970941817426052,0.4647231720437685,3734.8538758304185,204.7161241695817
2024-01-21,4860.27,3939.57,2735.2,2484.28,1814.93,0.0,98.48,1,116720,34134,684.42,12256.3445008128,0.4688441014435968,10077.604037222402,0.5143205749019245,6769.088714751998,0.4808763785506888,6790.7249057536,0.4895366506027359,4591.6021086464,0.47796982206685185,18,3,0.3546048870425356,0.9350162426854148,0.6631226582407952,3690.356579784218,249.2134202157822
2024-01-28,6596.78,2974.53,2145.4,2484.28,2129.47,0.0,94.23,0,117933,19661,1396.41,13892.619994649602,0.5001321941510177,8980.652744601603,0.4855178017248085,6179.288714751999,0.4581741916818568,6527.6044912383995,0.4796669256156056,4854.6729374464,0.49188444411589854,19,4,0.4647231720437685,0.8854560256532099,0.8229838658936564,3890.9244903277213,-916.3944903277211
2024-02-04,6234.01,2974.53,2145.4,2484.28,2129.47,0.0,94.82,0,76309,12750,818.77,14516.426080691199,0.511111134086814,8301.6174095616,0.4659111637991147,5825.4087147519995,0.44357410318713214,6363.962459238399,0.47333382730657986,5012.515434726401,0.4998827659594077,20,5,0.5680647467311558,0.8229838658936564,0.9350162426854148,3961.8737676965675,-987.3437676965673
2024-02-11,6767.44,2974.53,2145.4,2484.28,2129.47,0.0,92.59,1,134013,30048,1055.24,15414.5925262336,0.5260976715488586,7894.196208537601,0.4534130850246438,5613.080714752,0.434430164840331,6265.777240038399,0.46945942556635956,5107.2209330944,0.5045620232803989,21,6,0.6631226582407952,0.7485107481711011,0.992708874098054,4053.9155369483974,-1079.3855369483972
2024-02-18,6004.65,5268.6,2145.4,2484.28,2129.47,0.0,93.01,1,106886,17131,1473.77,15182.868597350398,0.5223198415027264,9943.8134879232,0.5109814909222792,5485.6839147519995,0.42879811044648936,6206.866108518399,0.4671073013868641,5164.044232115199,0.5073277828925484,22,7,0.7485107481711011,0.6631226582407953,0.992708874098054,4032.1812068198496,1236.4187931801507
2024-02-25,5743.19,5268.6,2145.4,2484.28,2129.47,0.0,93.7,0,127170,30941,842.24,14812.300663731197,0.5161516220637803,11195.186303923201,0.5405274752142462,5409.245834752,0.42536471248779956,6171.5194296064,0.4656859892784703,5209.554930995198,0.5095207536139018,23,8,0.8229838658936564,0.5680647467311559,0.9350162426854148,3997.4463678481698,1271.1536321518306
2024-03-03,6972.44,5268.6,2343.46,2484.28,2129.47,0.0,92.1,1,106941,18169,1208.4,15800.1582208256,0.5322528950176957,11946.009993523201,0.5566012857586695,5561.442986751999,0.4321607640124043,6148.1104534528,0.4647405190477846,5241.261272396798,0.5110370473582119,24,9,0.8854560256532099,0.4647231720437686,0.8229838658936565,4107.198178122838,1161.4018218771625
2024-03-10,5025.09,5268.6,2818.23,2484.28,2129.47,0.0,96.4,0,151267,29164,774.75,14452.998490752,0.5100168881159143,12396.5042072832,0.5657168494215309,6127.531277952,0.45608684561537305,6148.1104534528,0.4647405190477846,5255.936450636797,0.5117356897615658,25,10,0.9350162426854148,0.35460488704253557,0.6631226582407952,4006.249882355639,1262.3501176443615
2024-03-17,5937.41,5268.6,2818.23,2484.28,2129.47,51091.0,104.92,1,99282,29226,293.52,14564.665678131198,0.511940091927246,12666.8007355392,0.5710084744573896,6467.184252671999,0.4694985510629738,6148.1104534528,0.4647405190477846,5264.741557580797,0.5121539177163243,26,11,0.970941817426052,0.23931566428755804,0.46472317204376906,4036.081024077418,1232.5189759225823
2024-03-24,6289.45,5268.6,2818.23,2484.28,2129.47,52118.0,104.24,0,97931,26582,307.01,14979.2690833408,0.5189504674707744,12828.9786524928,0.574122000754727,6670.976037504,0.4772327276873671,6148.1104534528,0.4647405190477846,5270.024621747198,0.5124045107577643,27,12,0.992708874098054,0.120536680255323,0.23931566428755768,4088.7245305956885,1179.8754694043118
2024-03-31,3109.85,5268.6,2921.32,3068.89,2129.47,53027.0,102.88,0,71591,22152,113737.54,12030.9311065856,0.464224225773288,12936.0107824128,0.5761521885846907,6902.284933504,0.4857424203576853,6732.7204534528,0.4873931936128095,5270.024621747198,0.5124045107577643,28,13,1.0,-1.6081226496766366e-16,-3.216245299353273e-16,3783.1079557295843,1485.492044270416
2024-04-07,5721.56,5268.6,3273.66,3068.89,2129.47,54348.0,104.49,1,119607,15274,350.72,12877.2942063104,0.4811680710086533,13000.2300603648,0.5773610368665122,7393.410271104,0.5029226690867165,7083.486453452801,0.5000872544985031,5270.024621747198,0.5124045107577643,29,14,0.992708874098054,-0.12053668025532288,-0.23931566428755743,3913.153892818381,1355.4461071816195
2024-04-14,3694.1,5268.6,2990.84,3068.89,2129.47,56056.0,110.0,0,139067,27741,1.0,11352.276320768002,0.44981685413394856,13038.761627136,0.5780830416659949,7405.265473664,0.5033232029650183,7293.946053452801,0.5074063309703589,5270.024621747198,0.5124045107577643,30,15,0.9709418174260521,-0.2393156642875575,-0.46472317204376806,3729.4333850138128,1539.1666149861876
2024-04-21,4994.79,3535.85,1500.95,3068.89,2129.47,57379.0,102.68,0,157673,21461,502.95,11745.642755174398,0.45826070219670767,11306.011627136,0.5429729733644897,5922.488595199999,0.44765708833189527,7420.2218134528,0.5116958024379047,5270.024621747198,0.5124045107577643,31,16,0.9350162426854148,-0.35460488704253545,-0.663122658240795,3712.2788749161055,-176.42887491610554
2024-04-28,3802.05,3535.85,1500.95,3068.89,1486.0,59281.0,104.74,1,119262,22880,256.55,10791.5575302144,0.4373153299936526,10266.361627136,0.5189546921140491,5032.8224681216,0.4078362787613716,7495.9872694528,0.5142338133728083,4626.554621747198,0.47986230931900953,32,17,0.8854560256532099,-0.4647231720437685,-0.8229838658936564,3428.6697653376923,107.18023466230761
2024-05-05,5752.71,3535.85,1500.95,1926.91,1910.8,60655.0,106.3,0,132176,29946,32637.33,12157.378387430403,0.46682562688976453,9642.571627136002,0.5032925199539892,4497.0268034047995,0.3809585110203853,6399.466543052799,0.4747209291251682,4665.272621747199,0.4819427227077177,33,18,0.8229838658936565,-0.5680647467311557,-0.9350162426854147,3557.8737052734914,-22.023705273491487
2024-05-12,8355.01,3535.85,2793.85,2892.2,1910.8,62251.0,110.29,0,98789,10460,1.0,15598.795703065598,0.529058399488676,9268.297627136,0.49339592165615354,5463.6648168448,0.427813284740895,6706.844107212799,0.4864311594442754,4688.503421747198,0.483183001605673,34,19,0.7485107481711013,-0.663122658240795,-0.992708874098054,4000.667481765921,-464.817481765921
2024-05-19,3710.61,3208.48,2908.49,2892.2,1910.8,64231.0,108.75,1,137095,21565,64.5,13010.052008831999,0.48372907294727985,8716.363227136,0.47806022750530347,6158.2876249087985,0.4573291649461873,6891.270645708799,0.4932099877989781,4702.441901747199,0.4839243224603237,35,20,0.6631226582407952,-0.7485107481711012,-0.992708874098054,3771.938516472942,-563.4585164729419
2024-05-26,6931.59,3689.53,3253.99,2892.2,1054.69,64647.0,105.39,0,137539,28205,348.61,14674.238040192,0.5138125984822134,8866.252587136,0.4823160431385389,6920.561309747201,0.4864030008078612,7001.926568806399,0.49719206198807037,3854.6949897472,0.43459814542941155,36,21,0.5680647467311558,-0.8229838658936564,-0.9350162426854148,3825.749358837501,-136.21935883750075
2024-06-02,4066.29,3462.79,3253.99,2892.2,2115.18,65355.0,107.06,1,126079,27892,182.06,12839.4927012096,0.480434196446668,8729.446203135998,0.4784344782844652,7376.886610969599,0.5023633301737852,7062.428600806399,0.4993429457212096,4406.5368425472,0.46771554784548713,37,22,0.46472317204376906,-0.8854560256532096,-0.822983865893657,3757.7782882308575,-294.9882882308575
2024-06-09,4697.5,4255.83,3253.99,2568.43,1375.24,66171.0,103.89,0,93974,14775,75722.73,12343.535478399997,0.4706097934331115,9440.402372736,0.4979952693218909,7647.131016294399,0.5113561109496134,6774.9598200064,0.48895585431817573,3997.7019542271996,0.44356966148763005,38,23,0.35460488704253584,-0.9350162426854147,-0.6631226582407955,3623.657577579621,632.172422420379
2024-06-16,5011.96,2926.56,3253.99,2568.43,1494.3,66951.0,96.05,0,91699,31153,862.45,12380.853270246396,0.4713619283764945,8537.706074496,0.4728952956686325,7812.127833471998,0.5166885702804218,6602.478551526399,0.48251411160030167,3871.4610212352,0.435664901660974,39,24,0.23931566428755768,-0.970941817426052,-0.4647231720437684,3604.9527756151756,-678.3927756151757
2024-06-23,4784.67,3077.61,3631.55,2568.43,2417.87,68943.0,93.48,0,139939,23689,1252.73,12162.845986944,0.46693754221179845,8164.6004232959995,0.4617723026580607,8303.700582271998,0.5319073263523479,6498.989790438399,0.47857052131489886,4719.28646144,0.48481737063399033,40,25,0.12053668025532308,-0.992708874098054,-0.2393156642875578,3760.316170391353,-682.7061703913528
2024-06-30,5112.11,3077.61,1914.11,3398.0,2204.17,70153.0,90.7,0,75288,39436,326672.66,12371.5016880896,0.47117364927971783,7940.737032576,0.4548702880187714,6881.204231551998,0.48497836699991353,7266.4665337855995,0.5064628735599324,5020.766420608,0.5002939468241487,41,26,-3.216245299353273e-16,-1.0,6.432490598706546e-16,3793.3613080766886,-715.7513080766885
2024-07-07,4793.33,3077.61,1835.19,3398.0,2928.65,71763.0,92.52,0,158042,30264,993.68,12158.256950297598,0.4668436132055865,7806.4189981439995,0.4506434521039795,5948.786421119999,0.4487528281735079,7738.461107071999,0.5221818402545813,5921.853390847999,0.5414652135740914,42,27,-0.12053668025532283,-0.992708874098054,0.23931566428755732,3868.18980171792,-790.57980171792
2024-07-14,6066.51,5272.92,4143.25,3398.0,1513.23,73053.0,89.78,0,80611,31503,1771.25,13277.264919321597,0.4888079151005712,9921.138177484801,0.5104110153156444,7684.366281702398,0.5125697564373628,8011.929951872,0.5308394205923878,5047.085572992,0.5016010331249605,43,28,-0.23931566428755743,-0.9709418174260521,0.46472317204376795,3951.2512130929517,1321.6687869070483
2024-07-21,6406.55,4012.27,3145.03,3398.0,1513.23,74272.0,94.75,0,137600,29393,1215.52,14335.514552038398,0.507977074734376,9932.6188204288,0.5107000167187746,7726.338890982399,0.513930603020135,8176.011258752,0.535884996421821,4522.2248822784,0.4741723324300236,44,29,-0.3546048870425356,-0.9350162426854148,0.6631226582407952,3978.6776981558005,33.59230184419948
2024-07-28,4952.91,4012.27,3145.03,3398.0,1513.23,74518.0,95.53,0,68655,12575,599.43,13484.364274406402,0.49267598025047366,9934.6593305344,0.5107513466274901,7748.0406125824,0.5146312459258805,8274.46004288,0.538860583878363,4215.9360841728,0.4567247570736495,45,30,-0.46472317204376806,-0.8854560256532101,0.8229838658936558,3830.8177628087547,181.45223719124533
2024-08-04,4246.77,4012.27,3145.03,3398.0,2043.29,75282.0,99.08,0,127725,27243,502.81,12296.409730175998,0.46965691706018653,9938.168653388799,0.5108395999688649,7761.061645542401,0.5150506629656081,8333.529313356801,0.5406276922024983,4551.535509478399,0.4757834228549025,46,31,-0.5680647467311556,-0.8229838658936566,0.9350162426854147,3758.082327290794,254.1876727092058
2024-08-11,4981.11,4012.27,2665.89,3398.0,1274.08,76091.0,93.73,0,148919,25488,902.76,12311.615861145601,0.46996475764176365,9932.2822310656,0.5106915486337996,7289.734265318399,0.499392201133937,8372.2337312768,0.5417782423895555,3991.14205504,0.44316436241551066,47,32,-0.663122658240795,-0.7485107481711013,0.9927088740980539,3631.428771548374,380.8412284516262
2024-08-18,5324.32,4012.27,2665.89,3398.0,1274.08,76513.0,91.9,1,143946,11554,911.52,12660.780507443198,0.4769363983809226,9942.146356633597,0.5109395937699072,7006.937837183999,0.4895021648900231,8395.456382028799,0.5424658102363963,3653.7061318912,0.4214887816002094,48,33,-0.7485107481711011,-0.6631226582407952,0.992708874098054,3588.4782855690955,423.79171443090445
2024-08-25,5664.25,4375.04,2665.89,2069.35,1274.08,78702.0,91.06,0,165567,19043,213794.16,13212.499854745602,0.48758613997196304,10309.312595993597,0.5199968414231589,6833.455045401599,0.48323931182611785,7080.739972479999,0.4999903031755184,3441.9371203071996,0.40700213228286014,49,34,-0.8229838658936564,-0.5680647467311559,0.9350162426854148,3573.339933919983,801.7000660800168
2024-09-01,2456.94,2946.06,2665.89,2069.35,1274.08,79696.0,94.18,0,166198,21775,876.53,10332.921622348797,0.42665940092090887,9100.632339609596,0.48883343951836783,6746.673208550399,0.48004840836002566,6283.549972479999,0.47016495963843247,3317.029316991999,0.39811219146550203,50,35,-0.8854560256532096,-0.4647231720437691,0.8229838658936571,3158.087356209375,-212.02735620937483
2024-09-08,4107.07,2946.06,2665.89,2069.35,1274.08,80425.0,96.0,0,111207,20830,620.5,10258.5172508416,0.4248925266453308,8375.4241857792,0.4681143687395457,6695.399438207999,0.4781445227146451,5805.23597248,0.45049845419021145,3234.783545804799,0.3921116064113726,51,36,-0.9350162426854147,-0.3546048870425359,0.6631226582407956,3114.5146555612937,-168.45465556129375
2024-09-15,6322.34,2946.06,2665.89,2069.35,1274.08,81794.0,104.01,0,81657,18593,327.42,12416.313906943999,0.4720746549751495,7918.1756266752,0.4541648572338463,6641.375248972799,0.4761233660407639,5518.24757248,0.43798180305516504,3199.700255564799,0.38951539829868415,52,37,-0.970941817426052,-0.23931566428755774,0.4647231720437685,3379.714598254164,-433.65459825416383
2024-09-22,5500.94,3734.7,2665.89,2069.35,1274.08,83014.0,108.16,0,113389,21114,123.65,12886.165080857598,0.48133998902255815,8445.170938675197,0.4701797380372457,6619.0204931328,0.4752824415441902,5346.05453248,0.4301943174722558,3178.650281420799,0.38794700155673645,53,38,-0.992708874098054,-0.12053668025532357,0.23931566428755877,3424.8518878773207,309.84811212267914
2024-09-29,4535.22,3734.7,2665.89,2069.35,1274.08,83837.0,107.96,0,80931,15983,94.09,12217.005127219198,0.4680435836515752,8761.368125875199,0.47934538633392326,6605.6076396288,0.47477658974256876,5242.738708479999,0.4254173682719313,3166.020296934399,0.38700208934449043,54,39,-1.0,-1.8369701987210297e-16,3.6739403974420594e-16,3338.7265955260937,395.97340447390616
2024-10-06,7148.24,3734.7,3252.96,1224.13,1274.08,84844.0,106.78,0,129473,37223,24518.03,14435.645419289598,0.5097166608783584,8951.0864381952,0.4846941200086755,7184.6299275264,0.4957615319957491,4335.529214079999,0.3797584695394945,3153.100522700799,0.386032472969366,55,40,-0.992708874098054,0.1205366802553232,-0.23931566428755807,3587.6872425946694,147.01275740533038
2024-10-13,5951.02,3734.7,2464.89,2440.32,1274.08,86487.0,113.38,0,90505,19164,1.0,14562.209139251201,0.5118979462633796,9064.9174255872,0.48785093324487167,6748.8019275264,0.48012715115526433,5007.393517439999,0.4142310104249428,3153.100522700799,0.386032472969366,56,41,-0.9709418174260521,0.23931566428755738,-0.46472317204376784,3599.4041164698365,135.29588353016334
2024-10-20,5297.24,3734.7,2464.89,2440.32,1274.08,87926.0,107.71,1,102844,19519,126.03,13980.908605183997,0.5017159285194551,9133.2160180224,0.4897265237936871,6487.3051275264,0.4702723329120945,5410.512099455999,0.4331345735969082,3153.100522700799,0.386032472969366,57,42,-0.9350162426854148,0.35460488704253557,-0.6631226582407951,3535.944235898737,198.75576410126268
2024-10-27,5812.41,3917.62,2464.89,2440.32,2702.75,89172.0,101.56,1,92346,22285,808.08,14143.872573542396,0.5046129965448118,9353.459287705598,0.4956822780822733,6330.4070475264,0.46417804117130806,5665.772979456,0.44448634096964224,4581.770522700799,0.4774350113274966,58,43,-0.8854560256532101,0.464723172043768,-0.8229838658936557,3858.2191630514376,59.4008369485623
2024-11-03,4764.29,2223.0,2346.82,2374.89,3126.04,90504.0,102.39,0,112634,21214,107474.69,13225.8532497152,0.4878385257961467,7805.386075545601,0.450610693213158,6118.1981995264,0.45570873550585617,5753.499507456,0.4482833904003539,5862.262522700799,0.5389531089689138,59,44,-0.822983865893657,0.5680647467311548,-0.9350162426854141,3955.2331243234203,-1732.2331243234203
2024-11-10,4662.24,5190.25,3315.6,2706.8,1873.13,91772.0,110.02,0,119358,12046,1.0,12556.362146918402,0.4748708136486094,9843.792148249599,0.5084550560938871,6959.652890726399,0.4878102436507384,6138.045424256001,0.46433297098571535,5377.647722700799,0.517453966284913,60,45,-0.7485107481711011,0.6631226582407952,-0.992708874098054,3854.2751010448883,1335.9748989551117
2024-11-17,6276.67,2024.46,3478.41,2262.85,1873.13,92112.0,109.77,0,127014,22717,1.0,13746.772667622397,0.4974937946375132,7901.045791872001,0.4536280356401998,7627.3357054463995,0.5107084391756501,5924.822974336001,0.4555510501417657,5086.8788427007985,0.5035643497369373,61,46,-0.6631226582407955,0.7485107481711007,-0.9927088740980541,3967.6051507054062,-1943.1451507054062
2024-11-24,5860.76,3693.21,3478.41,2262.85,1873.13,93693.0,104.23,1,158888,11710,481.22,14053.3867995392,0.5030085719876745,8396.200303872,0.46873128158092586,8027.9453942784,0.5234902794397143,5796.889504383999,0.45014230950422063,4912.417514700798,0.4948400277198168,62,47,-0.5680647467311559,0.8229838658936564,-0.9350162426854149,3984.6582751179426,-291.44827511794256
2024-12-01,4245.34,3693.21,3478.41,2262.85,1873.13,94666.0,106.36,0,125437,23866,178.43,12631.6675112704,0.4763621259835319,8693.293011071999,0.4773989721298516,8268.3112075776,0.5308437843285004,5720.129422412799,0.44684517283790337,4807.740717900799,0.48945667822772687,63,48,-0.4647231720437684,0.88545602565321,-0.8229838658936562,3814.2281983252396,-121.01819832523961
2024-12-08,5236.06,3693.21,3478.41,2262.85,2064.98,95958.0,102.43,0,124058,20684,476.18,12743.022717107202,0.4785518942524801,8871.548635392,0.48246514502766363,8406.6143825664,0.5349729309644427,5682.591243443198,0.44521832654375054,4936.784639820799,0.49607693765898353,64,49,-0.35460488704253595,0.9350162426854147,-0.6631226582407957,3853.904769322903,-160.69476932290308
2024-12-15,4542.06,3693.21,3478.41,2894.13,2064.98,97010.0,101.78,0,127455,28106,158067.38,12127.901059814403,0.4662214501784472,8978.502009984,0.48545797366319454,8497.538217446401,0.5376481602866834,6279.0919429632,0.46998816312579,5014.210992972799,0.4999673178933135,65,50,-0.2393156642875578,0.970941817426052,-0.4647231720437686,3809.496617057236,-116.28661705723607
2024-12-22,7319.16,3693.21,3478.41,2659.91,2064.98,98353.0,95.53,0,167552,26040,253400.85,14542.5166615296,0.5115598285985193,9042.6740347392,0.48723711348566656,8552.0925183744,0.5392385741259623,6402.7723626752,0.4748497117781344,5060.6668048639995,0.502272845892094,66,51,-0.12053668025532363,0.992708874098054,-0.2393156642875589,4093.8541505545254,-400.64415055452537
2024-12-29,5635.73,4319.58,3478.41,1994.75,2064.98,98911.0,91.58,0,165944,33429,266526.91,14302.664295910401,0.507403670681592,9705.70383744,0.5049238828221279,8584.825098931202,0.54018758131659,5811.8206145024005,0.4507790961827554,5074.142590054399,0.5029376549063946,67,52,6.432490598706546e-16,1.0,1.2864981197413093e-15,4059.551318443071,260.02868155692886
2025-01-05,3471.18,2162.88,1078.61,3331.39,2064.98,100469.0,98.46,0,115084,19813,263353.12,12004.765511270398,0.4636827476081599,7963.899584256001,0.4555926205269802,6205.854520831999,0.45923936481270194,6794.548949248001,0.4896773320273547,5077.962273228799,0.5031257707173451,68,1,0.12053668025532305,0.992708874098054,0.23931566428755774,3716.5802973894124,-1553.7002973894123
2025-01-12,6040.9,2162.88,2770.0,1916.33,2352.53,101969.0,96.19,0,127673,21370,178153.19,13196.7746693632,0.48728860700127846,6888.913988889601,0.4199194373642286,6460.0991036416,0.46922554139443723,5965.781062015999,0.45726025049778324,5380.430529228799,0.5175831431852259,69,2,0.23931566428755774,0.970941817426052,0.4647231720437685,3902.056540224811,-1739.176540224811
2025-01-19,5679.41,2162.88,2770.0,2390.24,1704.82,102577.0,87.56,0,116471,38548,355338.0,13534.2204294656,0.4935984342861601,6275.8265008896,0.39739950118921336,6611.0051036416,0.4749802667030089,5946.904322816,0.4564738504020088,4914.2014828288,0.4949307904468325,70,3,0.3546048870425356,0.9350162426854148,0.6631226582407952,3870.7770164832136,-1707.8970164832135
2025-01-26,5700.38,3906.93,2770.0,3168.8,1835.63,103934.0,95.24,0,125677,40153,297758.38,13761.849300070397,0.49776782317833357,7635.206852889598,0.4451596239902229,6701.5487036416,0.4783735912843105,6714.138279295999,0.48670270840982666,4765.2740549888,0.48723983165516976,71,4,0.4647231720437685,0.8854560256532099,0.8229838658936564,3890.3360605552084,16.59393944479143
2025-02-02,4349.81,3370.31,2770.0,1930.07,1405.61,104975.0,95.53,0,123310,26906,174716.35,12564.136334105599,0.47502516311258525,7914.215064089599,0.4540408333182674,6755.874863641599,0.4803886127942909,5935.7486531839995,0.456008035818633,4245.897598284801,0.45848242508269,72,5,0.5680647467311558,0.8229838658936564,0.9350162426854148,3643.660530017065,-273.350530017065
2025-02-09,6043.08,3370.31,3003.27,3120.88,2044.07,106123.0,96.54,1,145709,24707,280097.57,13528.794379545601,0.49349820253827564,8081.619990809599,0.4592343839407046,7021.7405596416,0.4900295319211185,6659.5248775168,0.484662547525192,4570.7983182848,0.47683685877744636,73,6,0.6631226582407952,0.7485107481711011,0.992708874098054,3843.4231643410603,-473.1131643410604
2025-02-16,4836.57,3370.31,1192.9,3120.88,2044.07,106902.0,94.63,0,122854,20772,869.86,12908.073127833597,0.48176408038556917,8182.0629468416,0.4623033549364206,5370.8899772416,0.423626268849194,7087.4287641856,0.5002263531509473,4765.7387502848005,0.48726419387317554,74,7,0.7485107481711011,0.6631226582407953,0.992708874098054,3732.636120079822,-362.326120079822
2025-02-23,4090.85,2365.79,2467.43,3120.88,2044.07,108083.0,93.41,1,172392,18398,1282.31,11761.933607244799,0.4586048096044955,7237.808720460801,0.4319992047318219,5654.9096278015995,0.4362552275552407,7346.531494144001,0.5092017336647359,4882.7030094848005,0.49332343533189255,75,8,0.8229838658936564,0.5680647467311559,0.9350162426854148,3634.6686361502243,-1268.8786361502243
2025-03-02,4540.23,2454.76,2467.43,3120.88,1773.56,108863.0,94.88,0,149540,19145,1060.72,11540.594990668798,0.45389182796297955,6753.913818188801,0.41510631988831015,5825.3214181376,0.4435704045016368,7508.6964123904,0.5146569658181271,4682.3715650048,0.482856202597206,76,9,0.8854560256532099,0.4647231720437686,0.8229838658936565,3583.39638171112,-1128.6363817111196
2025-03-09,5313.83,3671.67,2467.43,3120.88,2071.52,109971.0,92.19,0,116986,19400,1451.84,12203.2054976,0.4677622027071246,7702.221443788801,0.44731905246436515,5951.7529472,0.4488761602916184,7592.5251117568005,0.5174296897854979,4860.132698316799,0.49216537471284383,77,10,0.9350162426854148,0.35460488704253557,0.6631226582407952,3705.996079234529,-34.32607923452906
2025-03-16,3373.65,2165.64,2467.43,3120.88,2071.52,111212.0,94.71,0,103014,21349,906.13,10634.6949447936,0.43371564495020953,6765.176019148799,0.41551089905968125,6010.566550399999,0.4513099693414044,7657.0828758784,0.5195435080898215,4963.891536819199,0.49744582449306407,78,11,0.970941817426052,0.23931566428755804,0.46472317204376906,3523.6065787653183,-1357.9665787653184
2025-03-23,5962.69,4165.27,2467.43,3120.88,2071.52,112542.0,96.3,0,135773,21937,1117.7,12286.271599436799,0.4694514768766014,8202.5787643648,0.46292592358509593,6045.854712319999,0.4527599640496056,7691.041613440001,0.5206480053690137,5032.674264396799,0.500886173493331,79,12,0.992708874098054,0.120536680255323,0.23931566428755768,3751.979580001882,413.2904199981185
2025-03-30,4441.21,3359.31,2467.43,3120.88,2071.52,113634.0,101.94,0,185460,22547,563.26,11755.5262629376,0.45846952111481926,8241.484405785599,0.46410259533241544,6067.027609471999,0.45362628814513073,7703.570764979201,0.5210542307466436,5072.625637529599,0.5028629068950533,80,13,1.0,-1.6081226496766366e-16,-3.216245299353273e-16,3694.021675043594,-334.7116750435939
2025-04-06,6597.3,3633.62,2467.43,1488.77,1316.82,114403.0,104.72,0,108308,29011,45758.31,13606.779694924799,0.4949349704205226,8544.545683865601,0.4730949080558261,6079.7313477632,0.4541447672508976,6091.4618002688,0.4624386186509902,4346.230072243199,0.46428642436383116,81,14,0.992708874098054,-0.12053668025532288,-0.23931566428755743,3752.9570389767073,-119.33703897670739
2025-04-13,4732.49,3633.62,2467.43,1488.77,1316.82,115394.0,106.76,0,135364,19656,152.59,12835.657493811199,0.4803596241033835,8726.3824507136,0.4783468849116485,6085.002766592,0.45435962150173065,5112.195800268801,0.41926577364143186,3903.9585272832,0.43772116839361935,82,15,0.9709418174260521,-0.2393156642875575,-0.46472317204376806,3553.741828934607,79.87817106539296
2025-04-20,4132.63,3633.62,2829.92,1488.77,1316.82,116462.0,110.42,0,161475,15104,1.0,11785.283014143999,0.45909725141940505,8835.4845108224,0.48144811419686817,6468.8999763967995,0.46956462023468376,4524.636200268799,0.38986492615663093,3638.595600307199,0.420478594937357,83,16,0.9350162426854148,-0.35460488704253545,-0.663122658240795,3371.862528140694,261.75747185930595
2025-04-27,4528.9,3633.62,2690.51,1488.77,1316.82,116809.0,105.34,1,140683,27813,274.38,11558.843465804797,0.4542834957302018,8911.0689940736,0.4835750724487008,6546.9839763968,0.47255416356433033,4172.1004402687995,0.37075071370994367,3479.377844121599,0.40961593386365436,84,17,0.8854560256532099,-0.4647231720437685,-0.8229838658936564,3300.157661746167,333.46233825383297
2025-05-04,6593.29,3633.62,3963.99,1488.77,1762.02,118823.0,103.87,1,121797,23216,442.35,13482.841021772796,0.4926477436475329,8955.523071411199,0.4848178874184836,7867.3143763968,0.5184462408461034,3960.5789842687996,0.358696319209804,3831.7733079551995,0.43313318679833135,85,18,0.8229838658936565,-0.5680647467311557,-0.9350162426854147,3660.6057957105104,-26.9857957105105
2025-05-11,3146.53,3344.41,3963.99,3237.09,1762.02,120169.0,104.39,0,119720,27437,97051.69,11182.683449727998,0.44609468679626535,8680.721868774397,0.4770379431334382,8659.5126163968,0.5423384090822533,5581.9861106687995,0.4408106916471381,4040.2078359551997,0.4461816292294543,86,19,0.7485107481711013,-0.663122658240795,-0.992708874098054,3498.7551942132727,-154.34519421327286
2025-05-18,5446.53,3904.12,3963.99,2621.63,1762.02,121652.0,106.32,0,109840,16911,45820.0,12122.141450726398,0.4661032394483427,9090.728459699198,0.48856136477033557,9134.8315603968,0.5555686195531072,5939.3703865088,0.4561593519144341,4165.2685527552,0.4537262809974224,87,20,0.6631226582407952,-0.7485107481711012,-0.992708874098054,3668.9286753162323,235.19132468376756
2025-05-25,4837.59,3875.86,2861.06,2757.17,1709.03,123619.0,111.43,1,79942,14290,1.0,12050.7846932736,0.464634352467883,9288.320751001598,0.49393534957450974,8317.0929267968,0.5323085442892749,6289.3409520128,0.4703944422320581,4187.314982835201,0.45503503428882686,88,21,0.5680647467311558,-0.8229838658936564,-0.9350162426854148,3642.7771833716865,233.0828166283136
2025-06-01,5290.32,2766.82,2717.23,2188.0,1709.03,124372.0,108.64,0,123394,17874,13215.02,12476.033651712,0.4732706337586257,8305.958345651201,0.4660412500812773,7682.6197466368,0.5125129646810653,5930.1532913152,0.45577409587458445,4200.5428408832,0.4558172805150064,89,22,0.46472317204376906,-0.8854560256532096,-0.822983865893657,3664.523792903442,-897.7037929034418
2025-06-08,5226.27,3039.0,2717.23,2892.78,1709.03,125905.0,107.71,0,106746,28110,29931.84,12645.4046072064,0.47663325599560735,7985.956489651201,0.45627869590859366,7301.9358385408,0.499810301581256,6435.8686033152,0.47613554816683934,4216.0851928832,0.4567335326661612,90,23,0.35460488704253584,-0.9350162426854147,-0.6631226582407955,3682.5958045723482,-643.5958045723482
2025-06-15,4866.27,3968.14,2717.23,771.94,1709.03,127799.0,97.6,0,127152,19070,52896.49,12405.8201687808,0.471863940658115,8723.0953760512,0.47825287398327343,7073.525493683199,0.4918658979267826,4618.457790515199,0.39475778293526786,4225.410604083199,0.45728180444658506,91,24,0.23931566428755768,-0.970941817426052,-0.4647231720437684,3602.574426651206,365.5655733487938
2025-06-22,9325.18,3326.57,2717.23,771.94,1709.03,129645.0,98.48,0,127605,22179,887.39,16727.024712448,0.5464151471281824,8523.8087078912,0.47248923807864884,6932.826222745599,0.4868453524701247,3528.0113028352,0.33254808955169246,4231.0058508032,0.45761023664601447,92,25,0.12053668025532308,-0.992708874098054,-0.2393156642875578,4011.621969980588,-685.0519699805877
2025-06-29,6447.29,3879.41,2717.23,771.94,2271.72,130690.0,94.21,1,82587,29898,1348.38,16437.8639500544,0.5420897724223412,8957.076706995202,0.4848612146646847,6849.8115917824,0.48383634840917117,2873.7434102272,0.28868038794459405,4797.0529988352,0.48890056445460695,93,26,-3.216245299353273e-16,-1.0,6.432490598706546e-16,4063.508777465448,-184.09877746544817
2025-07-06,5511.32,3879.41,3049.32,771.94,1536.56,132134.0,93.59,1,105789,19282,1172.46,15307.5931977728,0.5243606983576371,9217.0375064576,0.492009706566613,7119.259068902401,0.493476711799275,2481.1826746623997,0.2594782975140661,4397.0346973952,0.4671781597024071,94,27,-0.12053668025532283,-0.992708874098054,0.23931566428755732,3880.9043354700243,-1.4943354700244527
2025-07-13,4296.42,3879.41,3049.32,771.94,1536.56,132912.0,93.96,0,136427,21019,744.42,13449.266145868798,0.49202456550710516,9375.928556595198,0.4962820794822029,7280.927555174401,0.4990899948660088,2228.0271958528,0.23934012111970784,4157.0237165312,0.4532352222055296,95,28,-0.23931566428755743,-0.9709418174260521,0.46472317204376795,3636.489173856176,242.9208261438239
2025-07-20,3298.61,3879.41,3049.32,771.94,1536.56,133834.0,88.72,0,138355,27012,891.25,11313.281213926397,0.44896543829667535,9465.622599449598,0.4986622513079425,7377.9286469376,0.502398641098439,2082.3363273472,0.2272461612767166,4013.0171280128,0.4445136066747082,96,29,-0.3546048870425356,-0.9350162426854148,0.6631226582407952,3346.6165012074903,532.7934987925096
2025-07-27,6914.68,3837.16,3049.32,771.94,1536.56,134719.0,90.1,0,87947,32300,1488.14,13653.896966963199,0.4957990953729744,9477.473820851199,0.49897506068559866,7447.2442952448,0.5047363034880292,1993.555875328,0.21968597590679945,3927.1471920128,0.4391792846197453,97,30,-0.46472317204376806,-0.8854560256532101,0.8229838658936558,3608.665269148484,228.49473085151567
2025-08-03,6649.67,3837.16,3049.32,771.94,2308.36,135926.0,89.79,0,131738,21383,1177.78,14788.6939434752,0.5157532791280465,9495.761121664002,0.4994569832506316,7490.2831592448,0.506176763688639,1946.0235263487998,0.21557719095398606,4647.4252304128,0.4809858098773827,98,31,-0.5680647467311556,-0.8229838658936566,0.9350162426854147,3868.2308748003115,-31.070874800311685
2025-08-10,4103.29,3837.16,2546.4,771.94,1987.81,137218.0,93.05,0,132583,26178,950.45,12923.8376058112,0.4820688170101979,9503.9905548544,0.49967354995885105,7013.1864776448,0.4897249141414994,1910.4015583743999,0.2124694842672866,4759.042053452799,0.4869128875132674,99,32,-0.663122658240795,-0.7485107481711013,0.9927088740980539,3663.6261216315634,173.5338783684365
2025-08-17,7929.61,3837.16,3342.8,2410.68,1432.37,138794.0,96.91,0,92396,39918,170470.1,15634.871773772797,0.5296339292149845,9499.564624307199,0.4995570999592119,7523.328468684801,0.50727707748629,3549.1415583744,0.3338748272957555,4270.572147276799,0.45992142030827576,100,33,-0.7485107481711011,-0.6631226582407952,0.992708874098054,3945.116098491315,-107.95609849131506
2025-08-24,4090.74,3837.16,3342.8,2231.4,1666.77,140404.0,94.88,0,121519,16819,193527.33,13377.6867350784,0.4906908666403141,9503.3746134016,0.4996573472613242,7829.4136633088,0.5172404959323114,4353.105558374401,0.3807118947715581,4211.890203571199,0.45648653395486694,101,34,-0.8229838658936564,-0.5680647467311559,0.9350162426854148,3737.3630803001424,99.79691969985743
2025-08-31,4116.7,3837.16,3342.8,782.06,1666.77,141670.0,95.56,0,111165,25311,65119.2,12078.3382124032,0.4652025017085318,9500.0892534016,0.4995709062290251,8013.064780083201,0.5230274526891172,3386.1439583743995,0.32350173476721444,4171.010418585599,0.4540677432679038,102,35,-0.8854560256532096,-0.4647231720437691,0.8229838658936571,3553.205162969746,283.95483703025366
2025-09-07,4795.53,3837.16,3342.8,782.06,1666.77,143477.0,93.65,0,93768,34203,864.1,11986.991519923196,0.4633143029693772,9498.1180374016,0.49951902727164427,8119.9087480832,0.5263307754370413,2805.9669983743997,0.28380420906172554,4153.8912665856,0.45304842336806606,103,36,-0.9350162426854147,-0.3546048870425359,0.6631226582407956,3521.524070950224,315.63592904977577
